car_park_no,weekday_rate,sat_rate,sun_rate,From,To
A0004,0.6,0.6,0.6,08.30 AM,10.00 PM
A0005,0.6,0.6,0.6,08.30 AM,10.00 PM
A0006,1.2,1.2,0.6,08.30 AM,05.00 PM
A0006,0.6,0.6,0.6,05.00 PM,10.00 PM
A0007,1.3,1.3,0.7,07.00 AM,11.00 AM
A0007,1.5,1.5,0.8,11.00 AM,05.00 PM
A0007,0.8,0.8,0.8,05.00 PM,10.30 PM
A0007,0.7,0.7,0.7,10.30 PM,07.00 AM
A0008,1.2,1.2,0.6,08.30 AM,05.00 PM
A0008,0.6,0.6,0.6,05.00 PM,10.00 PM
A0010,0.6,0.6,0.6,08.30 AM,10.00 PM
A0011,1.2,1.2,0.6,07.00 AM,11.00 AM
A0011,1.4,1.4,0.75,11.00 AM,02.00 PM
A0011,1.4,1.4,0.75,02.00 PM,05.00 PM
A0011,0.6,0.6,0.6,05.00 PM,10.30 PM
A0011,0.6,0.6,0.6,10.30 PM,07.00 AM
A0017,0.6,0.6,0.6,08.30 AM,10.00 PM
A0021,1.5,1.2,0.6,07.00 AM,05.00 PM
A0021,0.6,0.6,0.6,05.00 PM,10.30 PM
A0021,0.6,0.6,0.6,10.30 PM,07.00 AM
A0024,0.6,0.6,0.6,07.00 AM,10.30 PM
A0024,0.6,0.6,0.6,10.30 PM,07.00 AM
A0025,0.6,0.6,0.6,08.30 AM,10.00 PM
A0028,0.6,0.6,0,08.30 AM,05.00 PM
A0034,0.6,0.6,0,08.30 AM,05.00 PM
A0035,0.6,0.6,0.6,07.00 AM,11.00 AM
A0035,0.75,0.6,0.6,11.00 AM,05.00 PM
A0035,0.6,0.6,0.6,05.00 PM,10.30 PM
A0035,0.6,0.6,0.6,10.30 PM,07.00 AM
A0036,0.6,0.6,0.6,07.00 AM,10.30 PM
A0036,0.6,0.6,0.6,10.30 PM,07.00 AM
A0037,0.6,0.6,0.6,07.00 AM,10.30 PM
A0037,0.6,0.6,0.6,10.30 PM,07.00 AM
A0043,0.6,0.6,0.6,07.00 AM,07.00 PM
A0046,0.6,0.6,0.6,07.00 AM,10.30 PM
A0046,0.6,0.6,0.6,10.30 PM,07.00 AM
A0048,0.6,0.6,0.6,07.00 AM,10.30 PM
A0048,0.6,0.6,0.6,10.30 PM,07.00 AM
A0054,0.6,0.6,0.6,07.00 AM,10.30 PM
A0054,0.6,0.6,0.6,10.30 PM,07.00 AM
A0057,0.6,0.6,0.6,07.00 AM,10.30 PM
A0057,0.6,0.6,0.6,10.30 PM,07.00 AM
B0001,0.6,0.6,0,08.30 AM,05.00 PM
B0002,0.6,0.6,0.6,08.30 AM,10.00 PM
B0005,1.2,1.2,0.6,08.30 AM,05.00 PM
B0005,0.6,0.6,0.6,05.00 PM,10.00 PM
B0008,0.6,0.6,0.6,08.30 AM,10.00 PM
B0011,0.6,0.6,0.6,08.30 AM,10.00 PM
B0018,1.2,1.2,0.6,08.30 AM,05.00 PM
B0018,0.6,0.6,0.6,05.00 PM,10.00 PM
B0020,0.6,0.6,0.6,08.30 AM,10.00 PM
B0022,0.6,0.6,0.6,08.30 AM,10.00 PM
B0023,0.6,0.6,0,07.00 AM,10.30 PM
B0023,0.6,0.6,0,10.30 PM,07.00 AM
B0025,0.6,0.6,0.6,08.30 AM,10.00 PM
B0028,0.6,0.6,0.6,08.30 AM,10.00 PM
B0029,0.6,0.6,0.6,08.30 AM,10.00 PM
B0031,0.6,0.6,0.6,07.00 AM,10.30 PM
B0031,0.6,0.6,0.6,10.30 PM,07.00 AM
B0032,0.6,0.7,0.7,07.00 AM,11.00 AM
B0032,0.7,0.7,0.7,11.00 AM,02.00 PM
B0032,0.6,0.6,0.6,02.00 PM,10.30 PM
B0032,0.6,0.6,0.6,10.30 PM,07.00 AM
B0033,0.6,0.6,0.6,08.30 AM,10.00 PM
B0035,0.6,0.6,0.6,08.30 AM,10.00 PM
B0042,0.6,0.6,0,08.30 AM,05.00 PM
B0045,1.2,1.2,0.6,07.00 AM,05.00 PM
B0045,0.6,0.6,0.6,05.00 PM,10.00 PM
B0052,1.2,1.2,0.6,08.30 AM,05.00 PM
B0052,0.6,0.6,0.6,05.00 PM,10.00 PM
B0062,0.6,0.6,0.6,08.30 AM,10.00 PM
B0063,0.6,0.6,0.6,07.00 AM,10.30 PM
B0063,0.6,0.6,0.6,10.30 PM,07.00 AM
B0067,0.6,0.6,0,08.30 AM,05.00 PM
B0073,1.2,1.2,0.6,08.30 AM,05.00 PM
B0073,0.6,0.6,0.6,05.00 PM,10.00 PM
B0084,0.6,0.6,0.6,08.30 AM,10.00 PM
B0087,0.6,0.6,0.6,07.00 AM,11.00 AM
B0087,0.75,0.75,0.75,11.00 AM,05.00 PM
B0087,0.6,0.75,0.75,05.00 PM,10.30 PM
B0087,0.6,0.6,0.6,10.30 PM,07.00 AM
B0088,0.6,0.6,0.6,07.00 AM,10.30 PM
B0088,0.6,0.6,0.6,10.30 PM,07.00 AM
B0090,0.6,0.6,0,08.30 AM,05.00 PM
B0096,0.6,0.6,0.6,07.00 AM,10.30 PM
B0096,0.6,0.6,0.6,10.30 PM,07.00 AM
B0099,0.6,0.6,0.6,07.00 AM,10.30 PM
B0099,0.6,0.6,0.6,10.30 PM,07.00 AM
B0100,0.6,0.6,0,08.30 AM,10.00 PM
C0004,1.2,1.2,0.6,08.30 AM,05.00 PM
C0004,0.6,0.6,0.6,05.00 PM,10.00 PM
C0009,0.6,0.6,0.6,08.30 AM,10.00 PM
C0011,0.6,0.6,0.6,08.30 AM,10.00 PM
C0018,1.2,1.2,0.6,08.30 AM,05.00 PM
C0018,0.6,0.6,0.6,05.00 PM,10.00 PM
C0022,1.2,1.2,0.6,08.30 AM,05.00 PM
C0022,0.6,0.6,0.6,05.00 PM,10.00 PM
C0028,0.6,0.6,0,08.30 AM,10.00 PM
C0036,1.2,1.2,0.6,08.30 AM,05.00 PM
C0036,0.6,0.6,0.6,05.00 PM,10.00 PM
C0038,1.2,1.2,0.6,08.30 AM,05.00 PM
C0038,0.6,0.6,0.6,05.00 PM,10.00 PM
C0039,0.6,0.6,0,08.30 AM,05.00 PM
C0041,0.6,0.6,0,08.30 AM,05.00 PM
C0045,0.6,0.6,0,08.30 AM,05.00 PM
C0053,0.6,0.6,0,08.30 AM,05.00 PM
C0057,0.6,0.6,0,08.30 AM,05.00 PM
C0058,1.2,1.2,0.6,08.30 AM,05.00 PM
C0058,0.6,0.6,0.6,05.00 PM,10.00 PM
C0063,1.2,1.2,0.6,08.30 AM,05.00 PM
C0063,0.6,0.6,0.6,05.00 PM,10.00 PM
C0097,0.6,0.6,0,08.30 AM,10.00 PM
C0098,0.6,0.6,0,08.30 AM,10.00 PM
C0104,0.6,0.6,0.6,08.30 AM,10.00 PM
C0110,1.2,1.2,0.6,08.30 AM,05.00 PM
C0110,0.6,0.6,0.6,05.00 PM,10.00 PM
C0113,0.6,0.6,0,08.30 AM,10.00 PM
C0114,0.6,0.6,0,08.30 AM,10.00 PM
C0118,0.6,0.6,0.6,08.30 AM,10.00 PM
C0119,0.6,0.6,0.6,07.00 AM,10.30 PM
C0119,0.6,0.6,0.6,10.30 PM,07.00 AM
C0120,0.6,0.6,0,08.30 AM,05.00 PM
C0122,0.6,0.6,0.6,07.00 AM,10.00 PM
C0126,0.6,0.6,0,08.30 AM,05.00 PM
C0128,0.6,0.6,0,08.30 AM,05.00 PM
C0129,0.6,0.6,0,08.30 AM,05.00 PM
C0130,0.6,0.6,0,08.30 AM,05.00 PM
C0132,0.6,0.6,0.6,08.30 AM,10.00 PM
C0133,1.2,1.2,0.6,07.00 AM,11.00 AM
C0133,1.5,1.5,0.6,11.00 AM,02.00 PM
C0133,1.5,1.5,0.75,02.00 PM,05.00 PM
C0133,0.75,0.75,0.6,05.00 PM,10.30 PM
C0133,0.6,0.6,0.6,10.30 PM,07.00 AM
C0134,0.6,0.6,0.6,07.00 AM,10.30 PM
C0134,0.6,0.6,0.6,10.30 PM,07.00 AM
C0135,0.6,0.6,0.6,08.30 AM,10.00 PM
C0136,0.6,0.6,0.6,08.30 AM,10.00 PM
C0142,0.6,0.6,0.6,07.00 AM,10.30 PM
C0142,0.6,0.6,0.6,10.30 PM,07.00 AM
C0147,0.6,0.6,0,08.30 AM,10.00 PM
C0148,0.6,0.6,0.6,07.00 AM,10.30 PM
C0148,0.6,0.6,0.6,10.30 PM,07.00 AM
C0151,0.6,0.6,0,08.30 AM,05.00 PM
C0152,0.6,0.6,0,08.30 AM,05.00 PM
C0153,0.6,0.6,0,08.30 AM,05.00 PM
C0154,0.6,0.6,0,08.30 AM,05.00 PM
C0155,0.6,0.6,0,08.30 AM,05.00 PM
C0156,0.6,0.6,0,08.30 AM,05.00 PM
C0157,0.6,0.6,0.6,07.00 AM,07.00 PM
C0158,0.6,0.6,0.6,07.00 AM,07.00 PM
C0159,0.6,0.6,0.6,07.00 AM,07.00 PM
C0160,0.6,0.6,0.6,07.00 AM,07.00 PM
C0161,0.6,0.6,0.6,07.00 AM,07.00 PM
C0162,1.2,1.2,0.6,07.00 AM,05.00 PM
C0162,0.6,0.6,0.6,05.00 PM,10.30 PM
C0162,0.6,0.6,0.6,10.30 PM,07.00 AM
D0001,1.2,1.2,0.6,08.30 AM,05.00 PM
D0001,0.6,0.6,0.6,05.00 PM,10.00 PM
D0002,1.2,1.2,0.6,08.30 AM,05.00 PM
D0002,0.6,0.6,0.6,05.00 PM,10.00 PM
D0004,0.6,0.6,0,08.30 AM,10.00 PM
D0005,0.6,0.6,0,08.30 AM,10.00 PM
D0006,1.2,1.2,0.6,07.00 AM,05.00 PM
D0006,0.6,0.6,0.6,05.00 PM,10.30 PM
D0006,0.6,0.6,0.6,10.30 PM,07.00 AM
D0009,0.6,0.6,0,08.30 AM,10.00 PM
D0010,1.2,1.2,0.6,08.30 AM,05.00 PM
D0010,0.6,0.6,0.6,05.00 PM,10.00 PM
D0012,0.6,0.6,0,08.30 AM,10.00 PM
D0017,0.6,0.6,0.6,08.30 AM,10.00 PM
D0026,0.6,0.6,0.6,07.00 AM,10.30 PM
D0026,0.6,0.6,0.6,10.30 PM,07.00 AM
D0027,0.6,0.6,0.6,08.30 AM,10.00 PM
D0028,0.6,0.6,0.6,07.00 AM,10.30 PM
D0028,0.6,0.6,0.6,10.30 PM,07.00 AM
E0009,1.2,1.2,0.6,07.00 AM,05.00 PM
E0009,0.6,0.6,0.6,05.00 PM,10.30 PM
E0009,0.6,0.6,0.6,10.30 PM,07.00 AM
E0011,1.2,1.2,0.6,07.00 AM,05.00 PM
E0011,0.6,0.6,0.6,05.00 PM,10.30 PM
E0011,0.6,0.6,0.6,10.30 PM,07.00 AM
E0017,0.6,0.6,0.6,08.30 AM,10.00 PM
E0022,1.2,1.2,0.6,07.00 AM,05.00 PM
E0022,0.6,0.6,0.6,05.00 PM,10.00 PM
E0023,0.6,0.6,0.6,07.00 AM,10.30 PM
E0023,0.6,0.6,0.6,10.30 PM,07.00 AM
E0024,0.6,0.6,0.6,07.00 AM,10.30 PM
E0024,0.6,0.6,0.6,10.30 PM,07.00 AM
E0027,0.6,0.6,0.6,07.00 AM,10.30 PM
E0027,0.6,0.6,0.6,10.30 PM,07.00 AM
E0031,0.6,0.6,0.6,08.30 AM,10.00 PM
E0033,0.6,0.6,0,08.30 AM,05.00 PM
E0034,0.6,0.6,0.6,08.30 AM,10.00 PM
E0035,0.6,0.6,0.6,08.30 AM,10.00 PM
E0037,0.6,0.6,0.6,08.30 AM,10.00 PM
F0001,1.2,1.2,0,08.30 AM,05.00 PM
F0002,0.6,0.6,0.6,08.30 AM,10.00 PM
F0006,0.6,0.6,0.6,08.30 AM,10.00 PM
F0021,0.6,0.6,0,08.30 AM,05.00 PM
F0022,1.2,1.2,0,08.30 AM,05.00 PM
F0025,0.6,0.6,0,08.30 AM,05.00 PM
F0026,0.6,0.6,0,08.30 AM,05.00 PM
F0027,1.2,1.2,0,08.30 AM,05.00 PM
F0029,0.6,0.6,0.6,07.00 AM,10.30 PM
F0029,0.6,0.6,0.6,10.30 PM,07.00 AM
F0030,0.6,0.6,0,08.30 AM,10.00 PM
F0031,0.6,0.6,0,08.30 AM,10.00 PM
G0002,0.6,0.6,0,08.30 AM,05.00 PM
G0018,0.6,0.6,0,08.30 AM,05.00 PM
G0021,0.6,0.6,0,08.30 AM,05.00 PM
G0022,0.6,0.6,0,08.30 AM,05.00 PM
G0026,0.6,0.6,0,08.30 AM,05.00 PM
G0027,0.6,0.6,0,08.30 AM,05.00 PM
G0028,0.6,0.6,0,08.30 AM,05.00 PM
G0029,0.6,0.6,0,08.30 AM,05.00 PM
G0030,0.6,0.6,0,08.30 AM,05.00 PM
G0032,0.6,0.6,0,08.30 AM,05.00 PM
G0033,0.6,0.6,0,08.30 AM,05.00 PM
G0034,0.6,0.6,0,08.30 AM,05.00 PM
G0035,0.6,0.6,0,08.30 AM,05.00 PM
G0036,0.6,0.6,0,08.30 AM,05.00 PM
G0037,0.6,0.6,0,08.30 AM,05.00 PM
G0038,0.6,0.6,0,08.30 AM,05.00 PM
G0039,0.6,0.6,0.6,08.30 AM,10.00 PM
G0040,1.2,1.2,0.6,08.30 AM,05.00 PM
G0040,0.6,0.6,0.6,05.00 PM,10.00 PM
G0043,0.6,0.6,0.6,08.30 AM,10.00 PM
H0003,0.6,0.6,0.6,07.00 AM,10.30 PM
H0003,0.6,0.6,0.6,10.30 PM,07.00 AM
H0004,0.6,0.6,0.6,07.00 AM,10.30 PM
H0004,0.6,0.6,0.6,10.30 PM,07.00 AM
H0006,0.6,0.6,0,08.30 AM,10.00 PM
H0007,1.2,1.2,0.6,07.00 AM,05.00 PM
H0007,0.6,0.6,0.6,05.00 PM,10.30 PM
H0007,0.6,0.6,0.6,10.30 PM,07.00 AM
H0011,0.6,0.6,0.6,07.00 AM,10.30 PM
H0011,0.6,0.6,0.6,10.30 PM,07.00 AM
H0012,1.2,1.2,0.6,08.30 AM,05.00 PM
H0012,0.6,0.6,0.6,05.00 PM,10.00 PM
H0015,0.6,0.6,0.6,07.00 AM,10.30 PM
H0015,0.6,0.6,0.6,10.30 PM,07.00 AM
H0021,0.6,0.6,0,08.30 AM,05.00 PM
H0022,1.2,1.2,0.6,07.00 AM,05.00 PM
H0022,0.6,0.6,0.6,05.00 PM,10.30 PM
H0022,0.6,0.6,0.6,10.30 PM,07.00 AM
H0024,1.2,1.2,0.6,07.00 AM,05.00 PM
H0024,0.6,0.6,0.6,05.00 PM,10.30 PM
H0024,0.6,0.6,0.6,10.30 PM,07.00 AM
H0028,0.6,0.6,0.6,08.30 AM,10.00 PM
H0037,0.6,0.6,0.6,08.30 AM,10.00 PM
H0049,0.6,0.6,0,08.30 AM,05.00 PM
H0050,0.6,0.6,0,08.30 AM,05.00 PM
H0052,0.6,0.6,0,08.30 AM,05.00 PM
H0055,0.6,0.6,0,07.00 AM,10.30 PM
H0055,0.6,0.6,0,10.30 PM,07.00 AM
H0057,0.6,0.6,0.6,07.00 AM,10.30 PM
H0057,0.6,0.6,0.6,10.30 PM,07.00 AM
H0061,0.6,0.6,0,08.30 AM,05.00 PM
I0005,0.6,0.6,0,08.30 AM,05.00 PM
I0006,0.6,0.6,0,08.30 AM,05.00 PM
J0001,0.6,0.6,0.6,08.30 AM,10.00 PM
J0003,0.6,0.6,0.6,08.30 AM,10.00 PM
J0006,0.6,0.6,0.6,08.30 AM,10.00 PM
J0008,0.6,0.6,0.6,08.30 AM,10.00 PM
J0009,0.6,0.6,0.6,08.30 AM,10.00 PM
J0010,0.6,0.6,0,08.30 AM,10.00 PM
J0012,0.6,0.6,0.6,08.30 AM,10.00 PM
J0015,0.6,0.6,0.6,07.00 AM,10.30 PM
J0015,0.6,0.6,0.6,10.30 PM,07.00 AM
J0017,0.6,0.6,0.6,07.00 AM,10.30 PM
J0017,0.6,0.6,0.6,10.30 PM,07.00 AM
J0018,1.2,1.2,0.6,08.30 AM,05.00 PM
J0018,0.6,0.6,0.6,05.00 PM,10.00 PM
J0020,0.6,0.6,0,08.30 AM,05.00 PM
J0021,0.6,0.6,0,08.30 AM,05.00 PM
J0022,0.6,0.6,0.6,08.30 AM,10.00 PM
J0027,0.6,0.6,0,08.30 AM,05.00 PM
J0029,0.6,0.6,0.6,08.30 AM,10.00 PM
J0030,0.6,0.6,0,07.00 AM,10.30 PM
J0030,0.6,0.6,0,10.30 PM,07.00 AM
J0033,0.6,0.6,0,08.30 AM,05.00 PM
J0034,0.6,0.6,0.6,08.30 AM,10.00 PM
J0035,0.6,0.6,0.6,08.30 AM,10.00 PM
J0036,0.6,0.6,0.6,08.30 AM,10.00 PM
J0037,0.6,0.6,0,08.30 AM,05.00 PM
J0038,0.6,0.6,0,07.00 AM,10.30 PM
J0038,0.6,0.6,0,10.30 PM,07.00 AM
J0039,0.6,0.6,0,07.00 AM,10.30 PM
J0039,0.6,0.6,0,10.30 PM,07.00 AM
J0040,0.6,0.6,0,07.00 AM,10.30 PM
J0040,0.6,0.6,0,10.30 PM,07.00 AM
J0041,0.6,0.6,0,07.00 AM,10.30 PM
J0041,0.6,0.6,0,10.30 PM,07.00 AM
J0042,0.6,0.6,0,07.00 AM,10.30 PM
J0042,0.6,0.6,0,10.30 PM,07.00 AM
J0043,0.6,0.6,0,07.00 AM,10.30 PM
J0043,0.6,0.6,0,10.30 PM,07.00 AM
J0047,0.6,0.6,0,08.30 AM,05.00 PM
J0049,0.6,0.6,0.6,08.30 AM,10.00 PM
J0050,0.6,0.6,0.6,07.00 AM,10.30 PM
J0050,0.6,0.6,0.6,10.30 PM,07.00 AM
J0051,0.6,0.6,0.6,07.00 AM,10.30 PM
J0051,0.6,0.6,0.6,10.30 PM,07.00 AM
J0054,0.6,0.6,0.6,08.30 AM,10.00 PM
J0055,0.6,0.6,0.6,07.00 AM,10.30 PM
J0055,0.6,0.6,0.6,10.30 PM,07.00 AM
J0056,0.6,0.6,0.6,08.30 AM,10.00 PM
J0057,0.6,0.6,0.6,08.30 AM,10.00 PM
J0058,0.6,0.6,0.6,08.30 AM,10.00 PM
J0059,0.6,0.6,0.6,08.30 AM,10.00 PM
J0060,0.6,0.6,0.6,08.30 AM,10.00 PM
J0062,0.6,0.6,0.6,08.30 AM,10.00 PM
J0069,0.6,0.6,0.6,08.30 AM,10.00 PM
J0070,0.6,0.6,0,08.30 AM,05.00 PM
J0075,0.6,0.6,0.6,08.30 AM,10.00 PM
J0080,0.6,0.6,0,08.30 AM,10.00 PM
J0088,0.6,0.6,0,08.30 AM,05.00 PM
J0092,0.6,0.6,0.6,07.00 AM,10.30 PM
J0092,0.6,0.6,0.6,10.30 PM,07.00 AM
J0093,0.6,0.6,0,08.30 AM,05.00 PM
J0094,0.6,0.6,0,08.30 AM,05.00 PM
J0095,0.6,0.6,0,08.30 AM,05.00 PM
J0097,0.6,0.6,0.6,08.30 AM,10.00 PM
J0098,0.6,0.6,0,08.30 AM,05.00 PM
J0099,0.6,0.6,0.6,07.00 AM,10.30 PM
J0099,0.6,0.6,0.6,10.30 PM,07.00 AM
J0100,0.6,0.6,0.6,07.00 AM,10.30 PM
J0100,0.6,0.6,0.6,10.30 PM,07.00 AM
J0102,0.6,0.6,0.6,08.30 AM,10.00 PM
J0104,0.6,0.6,0.6,08.30 AM,10.00 PM
J0106,0.6,0.6,0.6,08.30 AM,10.00 PM
J0109,0.6,0.6,0,08.30 AM,05.00 PM
J0111,0.6,0.6,0,08.30 AM,05.00 PM
J0112,0.6,0.6,0,08.30 AM,05.00 PM
J0117,0.6,0.6,0,08.30 AM,05.00 PM
J0122,0.6,0.6,0.6,07.00 AM,10.30 PM
J0122,0.6,0.6,0.6,10.30 PM,07.00 AM
J0127,0.6,0.6,0.6,07.00 AM,10.30 PM
J0127,0.6,0.6,0.6,10.30 PM,07.00 AM
J0128,0.6,0.6,0.6,08.30 AM,10.00 PM
J0130,0.6,0.6,0.6,08.30 AM,10.00 PM
J0132,0.6,0.6,0.6,07.00 AM,10.30 PM
J0132,0.6,0.6,0.6,10.30 PM,07.00 AM
K0005,0.6,0.6,0.6,08.30 AM,10.00 PM
K0006,0.6,0.6,0.6,07.00 AM,07.00 PM
K0008,1.2,1.2,0.6,08.30 AM,05.00 PM
K0008,0.6,0.6,0.6,05.00 PM,10.00 PM
K0009,0.6,0.6,0.6,08.30 AM,10.00 PM
K0010,1.2,1.2,0.6,08.30 AM,05.00 PM
K0010,0.6,0.6,0.6,05.00 PM,10.00 PM
K0011,0.6,0.6,0.6,08.30 AM,10.00 PM
K0013,0.6,0.6,0.6,08.30 AM,10.00 PM
K0022,0.6,0.6,0.6,07.00 AM,10.30 PM
K0022,0.6,0.6,0.6,10.30 PM,07.00 AM
K0027,0.6,0.6,0,08.30 AM,10.00 PM
K0032,0.6,0.6,0,08.30 AM,10.00 PM
K0034,0.6,0.6,0.6,07.00 AM,10.30 PM
K0034,0.6,0.6,0.6,10.30 PM,07.00 AM
K0037,0.6,0.6,0.6,07.00 AM,10.30 PM
K0037,0.6,0.6,0.6,10.30 PM,07.00 AM
K0039,0.6,0.6,0.6,07.00 AM,11.00 AM
K0039,0.75,0.6,0.6,11.00 AM,05.00 PM
K0039,0.6,0.6,0.6,05.00 PM,10.30 PM
K0039,0.6,0.6,0.6,10.30 PM,07.00 AM
K0049,0.6,0.6,0.6,08.30 AM,10.00 PM
K0051,0.6,0.6,0,08.30 AM,10.00 PM
K0052,0.6,0.6,0,08.30 AM,05.00 PM
K0054,0.6,0.6,0,08.30 AM,05.00 PM
K0057,0.6,0.6,0,08.30 AM,05.00 PM
K0061,0.6,0.6,0,08.30 AM,05.00 PM
K0064,0.6,0.6,0.6,08.30 AM,10.00 PM
K0069,0.6,0.6,0.6,08.30 AM,10.00 PM
K0081,0.6,0.6,0.6,07.00 AM,10.30 PM
K0081,0.6,0.6,0.6,10.30 PM,07.00 AM
K0082,0.6,0.6,0.6,07.00 AM,10.30 PM
K0082,0.6,0.6,0.6,10.30 PM,07.00 AM
K0087,0.6,0.6,0.6,07.00 AM,10.30 PM
K0087,0.6,0.6,0.6,10.30 PM,07.00 AM
K0091,0.6,0.6,0.6,07.00 AM,10.30 PM
K0091,0.6,0.6,0.6,10.30 PM,07.00 AM
K0093,0.6,0.6,0,08.30 AM,05.00 PM
K0094,0.6,0.6,0.6,08.30 AM,10.00 PM
K0097,0.6,0.6,0,08.30 AM,05.00 PM
K0099,0.6,0.6,0,08.30 AM,10.00 PM
K0108,1.2,1.2,0.6,07.00 AM,05.00 PM
K0108,0.6,0.6,0.6,05.00 PM,10.00 PM
K0110,0.6,0.6,0,08.30 AM,05.00 PM
K0111,0.6,0.6,0.6,07.00 AM,10.30 PM
K0111,0.6,0.6,0.6,10.30 PM,07.00 AM
K0113,0.6,0.6,0.6,08.30 AM,10.00 PM
K0114,0.6,0.6,0,08.30 AM,05.00 PM
K0115,0.6,0.6,0.6,07.00 AM,10.30 PM
K0115,0.6,0.6,0.6,10.30 PM,07.00 AM
K0120,0.6,0.6,0,07.00 AM,10.30 PM
K0120,0.6,0.6,0,10.30 PM,07.00 AM
K0121,0.6,0.6,0.6,07.00 AM,10.30 PM
K0121,0.6,0.6,0.6,10.30 PM,07.00 AM
L0002,0.6,0.6,0,08.30 AM,10.00 PM
L0003,1.2,1.2,0.6,08.30 AM,05.00 PM
L0003,0.6,0.6,0.6,05.00 PM,10.00 PM
L0004,0.6,0.6,0,08.30 AM,05.00 PM
L0005,1.2,1.2,0.6,08.30 AM,05.00 PM
L0005,0.6,0.6,0.6,05.00 PM,10.00 PM
L0008,0.6,0.6,0,08.30 AM,05.00 PM
L0009,1.2,1.2,0.6,08.30 AM,05.00 PM
L0009,0.6,0.6,0.6,05.00 PM,10.00 PM
L0011,0.6,0.6,0,08.30 AM,05.00 PM
L0013,0.6,0.6,0,08.30 AM,05.00 PM
L0014,0.6,0.6,0,08.30 AM,05.00 PM
L0015,0.6,0.6,0,08.30 AM,05.00 PM
L0016,0.6,0.6,0,08.30 AM,05.00 PM
L0018,0.6,0.6,0,08.30 AM,05.00 PM
L0019,0.6,0.6,0,08.30 AM,05.00 PM
L0020,0.6,0.6,0,08.30 AM,05.00 PM
L0021,0.6,0.6,0,08.30 AM,05.00 PM
L0022,0.6,0.6,0,08.30 AM,05.00 PM
L0023,0.6,0.6,0,08.30 AM,05.00 PM
L0024,0.6,0.6,0,08.30 AM,05.00 PM
L0025,0.6,0.6,0,08.30 AM,05.00 PM
L0026,0.6,0.6,0,08.30 AM,05.00 PM
L0027,0.6,0.6,0,08.30 AM,05.00 PM
L0028,0.6,0.6,0,08.30 AM,05.00 PM
L0029,0.6,0.6,0,08.30 AM,05.00 PM
L0030,0.6,0.6,0,08.30 AM,05.00 PM
L0031,0.6,0.6,0,08.30 AM,05.00 PM
L0032,0.6,0.6,0,08.30 AM,05.00 PM
L0033,0.6,0.6,0,08.30 AM,05.00 PM
L0034,0.6,0.6,0,08.30 AM,05.00 PM
L0035,0.6,0.6,0,08.30 AM,05.00 PM
L0036,0.6,0.6,0,08.30 AM,05.00 PM
L0037,0.6,0.6,0,08.30 AM,05.00 PM
L0038,0.6,0.6,0,08.30 AM,05.00 PM
L0039,0.6,0.6,0,08.30 AM,05.00 PM
L0040,0.6,0.6,0,08.30 AM,05.00 PM
L0041,0.6,0.6,0,08.30 AM,05.00 PM
L0042,0.6,0.6,0,08.30 AM,05.00 PM
L0043,0.6,0.6,0,08.30 AM,05.00 PM
L0044,0.6,0.6,0,08.30 AM,05.00 PM
L0045,0.6,0.6,0,08.30 AM,05.00 PM
L0046,0.6,0.6,0,08.30 AM,05.00 PM
L0047,0.6,0.6,0,08.30 AM,05.00 PM
L0048,0.6,0.6,0,08.30 AM,05.00 PM
L0049,0.6,0.6,0,08.30 AM,05.00 PM
L0050,0.6,0.6,0,08.30 AM,05.00 PM
L0051,0.6,0.6,0,08.30 AM,05.00 PM
L0052,0.6,0.6,0,08.30 AM,05.00 PM
L0053,0.6,0.6,0,08.30 AM,05.00 PM
L0056,0.6,0.6,0,08.30 AM,05.00 PM
L0057,0.6,0.6,0,08.30 AM,05.00 PM
L0058,0.6,0.6,0.6,08.30 AM,10.00 PM
L0060,0.6,0.6,0,08.30 AM,05.00 PM
L0061,0.6,0.6,0.6,08.30 AM,10.00 PM
L0064,0.6,0.6,0.6,07.00 AM,10.30 PM
L0064,0.6,0.6,0.6,10.30 PM,07.00 AM
L0065,0.6,0.6,0,08.30 AM,05.00 PM
L0074,0.6,0.6,0,08.30 AM,05.00 PM
L0076,0.6,0.6,0,08.30 AM,10.00 PM
L0077,0.6,0.6,0.6,07.00 AM,10.30 PM
L0077,0.6,0.6,0.6,10.30 PM,07.00 AM
L0078,0.6,0.6,0.6,07.00 AM,10.30 PM
L0078,0.6,0.6,0.6,10.30 PM,07.00 AM
L0079,0.6,0.6,0,08.30 AM,10.00 PM
L0081,0.6,0.6,0.6,08.30 AM,10.00 PM
L0082,0.6,0.6,0,08.30 AM,10.00 PM
L0083,0.6,0.6,0,08.30 AM,10.00 PM
L0085,0.6,0.6,0.6,07.00 AM,10.00 PM
L0087,0.6,0.6,0.6,07.00 AM,10.00 PM
L0088,0.6,0.6,0.6,07.00 AM,10.00 PM
L0089,0.6,0.6,0.6,07.00 AM,10.00 PM
L0092,0.6,0.6,0,08.30 AM,05.00 PM
L0096,0.6,0.6,0.6,08.30 AM,10.00 PM
L0097,0.6,0.6,0.6,08.30 AM,10.00 PM
L0098,0.6,0.6,0.6,08.30 AM,10.00 PM
L0099,0.6,0.6,0.6,08.30 AM,10.00 PM
L0100,0.6,0.6,0.6,08.30 AM,10.00 PM
L0101,0.6,0.6,0.6,08.30 AM,10.00 PM
L0102,0.6,0.6,0.6,08.30 AM,10.00 PM
L0103,0.6,0.6,0.6,08.30 AM,10.00 PM
L0104,0.6,0.6,0.6,07.00 AM,10.30 PM
L0104,0.6,0.6,0.6,10.30 PM,07.00 AM
L0107,0.6,0.6,0.6,07.00 AM,10.30 PM
L0107,0.6,0.6,0.6,10.30 PM,07.00 AM
L0109,0.6,0.6,0.6,07.00 AM,10.00 PM
L0110,0.6,0.6,0.6,07.00 AM,10.00 PM
L0113,0.6,0.6,0,08.30 AM,05.00 PM
L0115,0.6,0.6,0,08.30 AM,05.00 PM
L0116,0.6,0.6,0.6,07.00 AM,10.30 PM
L0116,0.6,0.6,0.6,10.30 PM,07.00 AM
L0117,0.6,0.6,0.6,07.00 AM,10.30 PM
L0117,0.6,0.6,0.6,10.30 PM,07.00 AM
L0118,0.6,0.6,0,08.30 AM,05.00 PM
L0120,0.6,0.6,0,08.30 AM,10.00 PM
L0123,0.6,0.6,0.6,07.00 AM,10.30 PM
L0123,0.6,0.6,0.6,10.30 PM,07.00 AM
L0124,0.6,0.6,0.6,07.00 AM,10.30 PM
L0124,0.6,0.6,0.6,10.30 PM,07.00 AM
L0125,0.6,0.6,0.6,07.00 AM,10.30 PM
L0125,0.6,0.6,0.6,10.30 PM,07.00 AM
M0001,0.6,0.6,0.6,08.30 AM,10.00 PM
M0003,0.6,0.6,0.6,08.30 AM,10.00 PM
M0005,0.6,0.6,0,08.30 AM,10.00 PM
M0006,1.2,1.2,0.6,08.30 AM,05.00 PM
M0006,0.6,0.6,0.6,05.00 PM,10.00 PM
M0009,1.2,1.2,0,08.30 AM,05.00 PM
M0011,1.2,1.2,0.6,08.30 AM,05.00 PM
M0011,0.6,0.6,0.6,05.00 PM,10.00 PM
M0015,0.6,0.6,0.6,08.30 AM,10.00 PM
M0017,1.2,1.2,0.6,08.30 AM,05.00 PM
M0017,0.6,0.6,0.6,05.00 PM,10.00 PM
M0020,0.6,0.6,0.6,08.30 AM,10.00 PM
M0026,1.2,1.2,0.6,08.30 AM,05.00 PM
M0026,0.6,0.6,0.6,05.00 PM,10.00 PM
M0038,0.6,0.6,0,08.30 AM,10.00 PM
M0039,0.6,0.6,0,08.30 AM,10.00 PM
M0040,0.6,0.6,0.6,07.00 AM,10.30 PM
M0040,0.6,0.6,0.6,10.30 PM,07.00 AM
M0043,1.2,1.2,0.6,08.30 AM,05.00 PM
M0043,0.6,0.6,0.6,05.00 PM,10.00 PM
M0048,0.6,0.6,0.6,08.30 AM,10.00 PM
M0049,0.6,0.6,0.6,08.30 AM,10.00 PM
M0055,0.6,0.6,0,08.30 AM,05.00 PM
M0058,0.6,0.6,0,08.30 AM,05.00 PM
M0059,0.6,0.6,0.6,07.00 AM,10.30 PM
M0059,0.6,0.6,0.6,10.30 PM,07.00 AM
M0063,0.6,0.6,0.6,08.30 AM,10.00 PM
M0066,0.6,0.6,0,08.30 AM,05.00 PM
M0072,0.6,0.6,0.6,08.30 AM,10.00 PM
M0074,0.6,0.6,0,08.30 AM,05.00 PM
M0076,0.6,0.6,0.6,07.00 AM,10.30 PM
M0076,0.6,0.6,0.6,10.30 PM,07.00 AM
M0077,0.6,0.6,0.6,08.30 AM,10.00 PM
M0078,0.6,0.6,0.6,07.00 AM,10.30 PM
M0078,0.6,0.6,0.6,10.30 PM,07.00 AM
M0080,0.6,0.6,0.6,08.30 AM,10.00 PM
M0084,1.2,1.2,0.6,07.00 AM,05.00 PM
M0084,0.6,0.6,0.6,05.00 PM,10.30 PM
M0084,0.6,0.6,0.6,10.30 PM,07.00 AM
M0085,0.6,0.6,0.6,08.30 AM,10.00 PM
M0088,0.6,0.6,0.6,07.00 AM,10.30 PM
M0088,0.6,0.6,0.6,10.30 PM,07.00 AM
N0003,0.6,0.6,0.6,08.30 AM,10.00 PM
N0005,0.6,0.6,0,08.30 AM,05.00 PM
N0006,1.2,1.2,0.6,07.00 AM,05.00 PM
N0006,0.6,0.6,0.6,05.00 PM,10.30 PM
N0006,0.6,0.6,0.6,10.30 PM,07.00 AM
N0010,1.2,1.2,0.6,08.30 AM,05.00 PM
N0010,0.6,0.6,0.6,05.00 PM,10.00 PM
N0011,0.6,0.6,0,08.30 AM,10.00 PM
N0012,0.6,0.6,0.6,07.00 AM,10.30 PM
N0012,0.6,0.6,0.6,10.30 PM,07.00 AM
N0013,0.6,0.6,0.6,07.00 AM,11.00 AM
N0013,0.75,0.6,0.6,11.00 AM,05.00 PM
N0013,0.6,0.6,0.6,05.00 PM,10.30 PM
N0013,0.6,0.6,0.6,10.30 PM,07.00 AM
N0014,1.2,1.2,0.6,08.30 AM,05.00 PM
N0014,0.6,0.6,0.6,05.00 PM,10.00 PM
N0016,0.6,0.6,0.6,07.00 AM,07.00 PM
N0020,1.2,1.2,0.6,08.30 AM,05.00 PM
N0020,0.6,0.6,0.6,05.00 PM,10.00 PM
N0023,0.6,0.6,0.6,07.00 AM,10.00 PM
N0047,1.2,1.2,0.6,08.30 AM,05.00 PM
N0047,0.6,0.6,0.6,05.00 PM,10.00 PM
O0004,0.6,0.6,0,08.30 AM,05.00 PM
O0005,0.6,0.6,0,08.30 AM,05.00 PM
O0007,0.6,0.6,0,07.00 AM,10.30 PM
O0007,0.6,0.6,0,10.30 PM,07.00 AM
O0008,0.6,0.6,0.6,08.30 AM,10.00 PM
O0010,0.6,0.6,0.6,08.30 AM,10.00 PM
O0013,0.6,0.6,0.6,08.30 AM,10.00 PM
O0026,0.6,0.6,0,08.30 AM,05.00 PM
O0027,0.6,0.6,0.6,08.30 AM,10.00 PM
O0028,0.6,0.6,0.6,07.00 AM,10.30 PM
O0028,0.6,0.6,0.6,10.30 PM,07.00 AM
O0029,0.6,0.6,0.6,08.30 AM,10.00 PM
O0031,0.6,0.6,0.6,08.30 AM,10.00 PM
P0002,0.6,0.6,0.6,08.30 AM,10.00 PM
P0006,1.2,1.2,0.6,08.30 AM,05.00 PM
P0006,0.6,0.6,0.6,05.00 PM,10.00 PM
P0009,1.2,1.2,0.6,08.30 AM,05.00 PM
P0009,0.6,0.6,0.6,05.00 PM,10.00 PM
P0011,0.6,0.6,0.6,08.30 AM,10.00 PM
P0013,1.2,1.2,0.6,07.00 AM,11.00 AM
P0013,1.5,1.2,0.6,11.00 AM,05.00 PM
P0013,0.6,0.6,0.6,05.00 PM,10.30 PM
P0013,0.6,0.6,0.6,10.30 PM,07.00 AM
P0015,1.2,1.2,0.6,08.30 AM,05.00 PM
P0015,0.6,0.6,0.6,05.00 PM,10.00 PM
P0018,1.2,1.2,0.6,08.30 AM,05.00 PM
P0018,0.6,0.6,0.6,05.00 PM,10.00 PM
P0023,0.6,0.6,0.6,08.30 AM,10.00 PM
P0024,0.6,0.6,0,08.30 AM,05.00 PM
P0025,0.6,0.6,0,08.30 AM,05.00 PM
P0028,0.6,0.6,0.6,08.30 AM,10.00 PM
P0031,0.6,0.6,0,08.30 AM,05.00 PM
P0033,0.6,0.6,0.6,07.00 AM,10.30 PM
P0033,0.6,0.6,0.6,10.30 PM,07.00 AM
P0035,0.6,0.6,0,08.30 AM,05.00 PM
P0036,0.6,0.6,0,08.30 AM,05.00 PM
P0038,0.6,0.6,0,08.30 AM,10.00 PM
P0048,0.6,0.6,0.6,07.00 AM,10.30 PM
P0048,0.6,0.6,0.6,10.30 PM,07.00 AM
P0049,0.6,0.6,0,08.30 AM,10.00 PM
P0051,0.6,0.6,0.6,08.30 AM,10.00 PM
P0054,0.6,0.6,0.6,07.00 AM,10.30 PM
P0054,0.6,0.6,0.6,10.30 PM,07.00 AM
P0055,0.6,0.6,0.6,08.30 AM,10.00 PM
P0072,0.6,0.6,0.6,08.30 AM,10.00 PM
P0075,0.6,0.6,0.6,07.00 AM,10.30 PM
P0075,0.6,0.6,0.6,10.30 PM,07.00 AM
P0076,0.6,0.6,0,08.30 AM,05.00 PM
P0077,0.6,0.6,0,08.30 AM,05.00 PM
P0078,0.6,0.6,0.6,07.00 AM,10.30 PM
P0078,0.6,0.6,0.6,10.30 PM,07.00 AM
P0081,0.6,0.6,0,08.30 AM,05.00 PM
P0082,0.6,0.6,0,08.30 AM,05.00 PM
P0083,0.6,0.6,0,08.30 AM,05.00 PM
P0086,0.6,0.6,0.6,07.00 AM,07.00 PM
P0093,0.6,0.6,0.6,07.00 AM,10.30 PM
P0093,0.6,0.6,0.6,10.30 PM,07.00 AM
P0094,0.6,0.6,0.6,07.00 AM,10.30 PM
P0094,0.6,0.6,0.6,10.30 PM,07.00 AM
P0095,0.6,0.6,0,08.30 AM,05.00 PM
P0096,1.2,1.2,0.7,07.00 AM,05.00 PM
P0096,0.7,0.7,0.7,05.00 PM,10.30 PM
P0096,0.7,0.7,0.7,10.30 PM,07.00 AM
P0099,0.6,0.6,0,08.30 AM,05.00 PM
P0106,0.6,0.6,0.6,07.00 AM,10.30 PM
P0106,0.6,0.6,0.6,10.30 PM,07.00 AM
P0109,0.6,0.6,0.6,07.00 AM,10.30 PM
P0109,0.6,0.6,0.6,10.30 PM,07.00 AM
P0111,0.6,0.6,0.6,07.00 AM,11.00 AM
P0111,0.75,0.75,0.75,11.00 AM,05.00 PM
P0111,0.6,0.6,0.6,05.00 PM,10.30 PM
P0111,0.6,0.6,0.6,10.30 PM,07.00 AM
P0113,0.6,0.6,0.6,07.00 AM,10.30 PM
P0113,0.6,0.6,0.6,10.30 PM,07.00 AM
P0116,0.6,0.6,0.6,07.00 AM,10.30 PM
P0116,0.6,0.6,0.6,10.30 PM,07.00 AM
P0117,1.2,1.2,0.6,07.00 AM,11.00 AM
P0117,1.5,1.2,0.6,11.00 AM,05.00 PM
P0117,0.6,0.6,0.6,05.00 PM,10.30 PM
P0117,0.6,0.6,0.6,10.30 PM,07.00 AM
Q0001,1.2,1.2,0.6,08.30 AM,05.00 PM
Q0001,0.6,0.6,0.6,05.00 PM,10.00 PM
Q0002,0.6,0.6,0.6,08.30 AM,10.00 PM
Q0004,0.6,0.6,0,08.30 AM,05.00 PM
Q0006,1.4,1.4,0.75,07.00 AM,05.00 PM
Q0006,0.75,0.75,0.75,05.00 PM,10.30 PM
Q0006,0.6,0.6,0.6,10.30 PM,07.00 AM
Q0008,0.6,0.6,0.6,07.00 AM,10.30 PM
Q0008,0.6,0.6,0.6,10.30 PM,07.00 AM
R0001,0.6,0.6,0.6,08.30 AM,10.00 PM
R0002,0.6,0.6,0.6,08.30 AM,10.00 PM
R0003,0.6,0.6,0.6,08.30 AM,10.00 PM
R0010,0.6,0.6,0.6,08.30 AM,10.00 PM
R0011,0.6,0.6,0.6,08.30 AM,10.00 PM
R0015,0.6,0.6,0,08.30 AM,10.00 PM
R0028,0.6,0.6,0,08.30 AM,05.00 PM
R0036,0.6,0.6,0.6,08.30 AM,10.00 PM
R0037,0.6,0.6,0.6,08.30 AM,10.00 PM
R0039,0.6,0.6,0.6,08.30 AM,10.00 PM
S0001,0.6,0.6,0,08.30 AM,10.00 PM
S0002,1.2,1.2,0.6,08.30 AM,05.00 PM
S0002,0.6,0.6,0.6,05.00 PM,10.00 PM
S0005,0.6,0.6,0.6,08.30 AM,10.00 PM
S0007,0.6,0.6,0.6,08.30 AM,10.00 PM
S0009,1.2,1.2,0.6,08.30 AM,05.00 PM
S0009,0.6,0.6,0.6,05.00 PM,10.00 PM
S0011,1.2,1.2,0.6,08.30 AM,05.00 PM
S0011,0.6,0.6,0.6,05.00 PM,10.00 PM
S0015,1.2,1.2,0.6,08.30 AM,05.00 PM
S0015,0.6,0.6,0.6,05.00 PM,10.00 PM
S0018,0.6,0.6,0.6,08.30 AM,10.00 PM
S0019,0.6,0.6,0.6,08.30 AM,10.00 PM
S0020,0.6,0.6,0.6,07.00 AM,10.30 PM
S0020,0.6,0.6,0.6,10.30 PM,07.00 AM
S0021,0.6,0.6,0,08.30 AM,10.00 PM
S0022,0.6,0.6,0.6,08.30 AM,10.00 PM
S0023,0.6,0.6,0.6,08.30 AM,10.00 PM
S0026,0.6,0.6,0.6,08.30 AM,10.00 PM
S0027,0.6,0.6,0,08.30 AM,05.00 PM
S0032,1.2,1.2,0.6,07.00 AM,05.00 PM
S0032,0.6,0.6,0.6,05.00 PM,10.30 PM
S0032,0.6,0.6,0.6,10.30 PM,07.00 AM
S0033,0.6,0.6,0.6,07.00 AM,10.30 PM
S0033,0.6,0.6,0.6,10.30 PM,07.00 AM
S0035,1.2,1.2,0.6,08.30 AM,05.00 PM
S0035,0.6,0.6,0.6,05.00 PM,10.00 PM
S0039,0.6,0.6,0,08.30 AM,05.00 PM
S0040,0.6,0.6,0,08.30 AM,05.00 PM
S0043,0.6,0.6,0,08.30 AM,05.00 PM
S0045,0.6,0.6,0.6,08.30 AM,10.00 PM
S0046,0.6,0.6,0.6,08.30 AM,10.00 PM
S0047,0.6,0.6,0.6,08.30 AM,10.00 PM
S0048,0.6,0.6,0,08.30 AM,05.00 PM
S0049,0.6,0.6,0.6,07.00 AM,10.30 PM
S0049,0.6,0.6,0.6,10.30 PM,07.00 AM
S0050,0.6,0.6,0,08.30 AM,05.00 PM
S0055,0.75,0.75,0.75,07.00 AM,02.00 PM
S0055,0.6,0.6,0.6,02.00 PM,10.30 PM
S0055,0.6,0.6,0.6,10.30 PM,07.00 AM
S0061,0.6,0.6,0.6,08.30 AM,10.00 PM
S0063,0.6,0.6,0,08.30 AM,10.00 PM
S0064,0.6,0.6,0,08.30 AM,10.00 PM
S0065,0.6,0.6,0,08.30 AM,10.00 PM
S0066,0.6,0.6,0.6,08.30 AM,10.00 PM
S0070,0.6,0.6,0.6,08.30 AM,10.00 PM
S0074,0.6,0.6,0,07.00 AM,10.30 PM
S0074,0.6,0.6,0,10.30 PM,07.00 AM
S0075,0.6,0.6,0.6,07.00 AM,10.00 PM
S0076,0.6,0.6,0,08.30 AM,05.00 PM
S0078,0.6,0.6,0,08.30 AM,05.00 PM
S0079,0.6,0.6,0.6,08.30 AM,10.00 PM
S0082,0.6,0.6,0,08.30 AM,05.00 PM
S0083,0.6,0.6,0,08.30 AM,05.00 PM
S0084,0.6,0.6,0,08.30 AM,05.00 PM
S0085,0.6,0.6,0,08.30 AM,05.00 PM
S0086,0.6,0.6,0,08.30 AM,05.00 PM
S0088,0.6,0.6,0,08.30 AM,05.00 PM
S0091,0.6,0.6,0.6,07.00 AM,10.00 PM
S0092,0.6,0.6,0,08.30 AM,05.00 PM
S0094,0.6,0.6,0.6,07.00 AM,10.00 PM
S0096,0.6,0.6,0.6,07.00 AM,10.00 PM
S0097,0.6,0.6,0.6,07.00 AM,10.00 PM
S0098,0.6,0.6,0,08.30 AM,05.00 PM
S0102,1.2,1.2,0.6,07.00 AM,05.00 PM
S0102,0.6,0.6,0.6,05.00 PM,10.30 PM
S0102,0.6,0.6,0.6,10.30 PM,07.00 AM
S0103,0.6,0.6,0,08.30 AM,05.00 PM
S0105,0.6,0.6,0,08.30 AM,05.00 PM
S0106,0.6,0.6,0.6,07.00 AM,10.30 PM
S0106,0.6,0.6,0.6,10.30 PM,07.00 AM
S0108,0.6,0.6,0.6,07.00 AM,10.30 PM
S0108,0.6,0.6,0.6,10.30 PM,07.00 AM
S0109,0.6,0.6,0.6,07.00 AM,07.00 PM
S0110,0.6,0.6,0.6,08.30 AM,10.00 PM
S0112,0.6,0.6,0.6,07.00 AM,10.30 PM
S0112,0.6,0.6,0.6,10.30 PM,07.00 AM
S0115,0.6,0.6,0.6,08.30 AM,10.00 PM
S0118,0.6,0.6,0.6,08.30 AM,10.00 PM
S0119,0.6,0.6,0,08.30 AM,05.00 PM
S0120,0.6,0.6,0.6,08.30 AM,10.00 PM
S0127,0.6,0.6,0.6,08.30 AM,10.00 PM
S0128,0.6,0.6,0,08.30 AM,10.00 PM
S0130,0.6,0.6,0,08.30 AM,05.00 PM
S0132,0.6,0.6,0.6,08.30 AM,10.00 PM
S0134,0.6,0.6,0,08.30 AM,05.00 PM
S0135,0.6,0.6,0,08.30 AM,05.00 PM
S0136,0.6,0.6,0.6,08.30 AM,10.00 PM
S0139,0.6,0.6,0.6,08.30 AM,10.00 PM
S0141,0.6,0.6,0.6,08.30 AM,10.00 PM
S0143,0.6,0.6,0,08.30 AM,05.00 PM
S0146,0.6,0.6,0,08.30 AM,05.00 PM
S0148,0.6,0.6,0,08.30 AM,05.00 PM
S0149,0.6,0.6,0,08.30 AM,05.00 PM
S0150,0.6,0.6,0.6,07.00 AM,10.30 PM
S0150,0.6,0.6,0.6,10.30 PM,07.00 AM
S0152,0.6,0.6,0,08.30 AM,10.00 PM
S0156,0.6,0.6,0.6,07.00 AM,10.30 PM
S0156,0.6,0.6,0.6,10.30 PM,07.00 AM
S0157,0.6,0.6,0,08.30 AM,10.00 PM
S0158,0.6,0.6,0,08.30 AM,05.00 PM
S0159,0.6,0.6,0.6,08.30 AM,10.00 PM
S0160,0.6,0.6,0.6,07.00 AM,10.30 PM
S0160,0.6,0.6,0.6,10.30 PM,07.00 AM
S0162,0.6,0.6,0.6,08.30 AM,10.00 PM
S0164,0.6,0.6,0.6,07.00 AM,10.00 PM
S0166,0.6,0.6,0.6,07.00 AM,10.30 PM
S0166,0.6,0.6,0.6,10.30 PM,07.00 AM
S0167,0.6,0.6,0.6,08.30 AM,10.00 PM
S0168,0.6,0.6,0.6,08.30 AM,10.00 PM
S0170,0.6,0.6,0.6,08.30 AM,10.00 PM
S0171,0.6,0.6,0.6,07.00 AM,10.30 PM
S0171,0.6,0.6,0.6,10.30 PM,07.00 AM
S0172,0.6,0.6,0.6,08.30 AM,10.00 PM
T0002,1.2,1.2,0.6,08.30 AM,05.00 PM
T0002,0.6,0.6,0.6,05.00 PM,10.00 PM
T0003,0.6,0.6,0.6,08.30 AM,10.00 PM
T0005,1.2,1.2,0.6,08.30 AM,05.00 PM
T0005,0.6,0.6,0.6,05.00 PM,10.00 PM
T0006,1.2,1.2,0.6,08.30 AM,05.00 PM
T0006,0.6,0.6,0.6,05.00 PM,10.00 PM
T0008,1.2,1.2,0.6,08.30 AM,05.00 PM
T0008,0.6,0.6,0.6,05.00 PM,10.00 PM
T0009,1.2,1.2,0.6,08.30 AM,05.00 PM
T0009,0.6,0.6,0.6,05.00 PM,10.00 PM
T0010,1.2,1.2,0.6,08.30 AM,05.00 PM
T0010,0.6,0.6,0.6,05.00 PM,10.00 PM
T0014,1.2,1.2,0.6,08.30 AM,05.00 PM
T0014,0.6,0.6,0.6,05.00 PM,10.00 PM
T0017,0.6,0.6,0.6,07.00 AM,10.30 PM
T0017,0.6,0.6,0.6,10.30 PM,07.00 AM
T0019,0.6,0.6,0,08.30 AM,05.00 PM
T0021,0.6,0.6,0.6,08.30 AM,10.00 PM
T0022,0.6,0.6,0.6,08.30 AM,10.00 PM
T0025,0.6,0.6,0,08.30 AM,05.00 PM
T0031,0.6,0.6,0,08.30 AM,05.00 PM
T0033,0.6,0.6,0.6,08.30 AM,10.00 PM
T0036,0.6,0.6,0.6,08.30 AM,10.00 PM
T0039,0.6,0.6,0,08.30 AM,05.00 PM
T0040,0.6,0.6,0,08.30 AM,05.00 PM
T0043,0.6,0.6,0.6,07.00 AM,10.30 PM
T0043,0.6,0.6,0.6,10.30 PM,07.00 AM
T0057,0.6,0.6,0.6,08.30 AM,10.00 PM
T0060,0.6,0.6,0.6,07.00 AM,10.30 PM
T0060,0.6,0.6,0.6,10.30 PM,07.00 AM
T0061,0.6,0.6,0,08.30 AM,05.00 PM
T0062,0.6,0.6,0.6,07.00 AM,10.30 PM
T0062,0.6,0.6,0.6,10.30 PM,07.00 AM
T0065,0.6,0.6,0.6,07.00 AM,10.00 PM
T0066,0.6,0.6,0.6,07.00 AM,10.00 PM
T0067,0.6,0.6,0.6,07.00 AM,10.00 PM
T0068,0.6,0.6,0.6,07.00 AM,10.00 PM
T0070,0.6,0.6,0.6,07.00 AM,10.30 PM
T0070,0.6,0.6,0.6,10.30 PM,07.00 AM
T0074,0.6,0.6,0.6,07.00 AM,10.30 PM
T0074,0.6,0.6,0.6,10.30 PM,07.00 AM
T0076,0.6,0.6,0,08.30 AM,05.00 PM
T0077,0.6,0.6,0,08.30 AM,05.00 PM
T0079,0.6,0.6,0,08.30 AM,05.00 PM
T0080,0.6,0.6,0,08.30 AM,05.00 PM
T0081,0.6,0.6,0,08.30 AM,05.00 PM
T0082,0.6,0.6,0,08.30 AM,05.00 PM
T0083,0.6,0.6,0,08.30 AM,05.00 PM
T0084,0.6,0.6,0,08.30 AM,05.00 PM
T0088,0.6,0.6,0,08.30 AM,05.00 PM
T0090,0.6,0.6,0,08.30 AM,05.00 PM
T0091,0.6,0.6,0,08.30 AM,05.00 PM
T0094,0.6,0.6,0,08.30 AM,05.00 PM
T0096,0.6,0.6,0,08.30 AM,05.00 PM
T0102,0.6,0.6,0,08.30 AM,05.00 PM
T0103,0.6,0.6,0.6,07.00 AM,10.30 PM
T0103,0.6,0.6,0.6,10.30 PM,07.00 AM
T0104,0.6,0.6,0.6,07.00 AM,10.30 PM
T0104,0.6,0.6,0.6,10.30 PM,07.00 AM
T0107,0.6,0.6,0.6,07.00 AM,10.30 PM
T0107,0.6,0.6,0.6,10.30 PM,07.00 AM
T0111,0.6,0.6,0,08.30 AM,05.00 PM
T0113,0.6,0.6,0,08.30 AM,05.00 PM
T0114,0.6,0.6,0.6,08.30 AM,10.00 PM
T0115,0.6,0.6,0.6,08.30 AM,10.00 PM
T0116,0.6,0.6,0.6,07.00 AM,07.00 PM
T0117,0.6,0.6,0,08.30 AM,05.00 PM
T0123,0.6,0.6,0,08.30 AM,05.00 PM
T0129,0.6,0.6,0.6,07.00 AM,10.30 PM
T0129,0.6,0.6,0.6,10.30 PM,07.00 AM
T0130,0.6,0.6,0.6,07.00 AM,10.30 PM
T0130,0.6,0.6,0.6,10.30 PM,07.00 AM
T0140,0.6,0.6,0.6,07.00 AM,10.30 PM
T0140,0.6,0.6,0.6,10.30 PM,07.00 AM
T0141,0.6,0.6,0.6,07.00 AM,10.30 PM
T0141,0.6,0.6,0.6,10.30 PM,07.00 AM
T0142,0.6,0.6,0,08.30 AM,05.00 PM
T0144,1.2,1.2,0.6,08.30 AM,05.00 PM
T0144,0.6,0.6,0.6,05.00 PM,10.00 PM
T0145,0.6,0.6,0.6,08.30 AM,10.00 PM
T0146,0.6,0.6,0.6,07.00 AM,10.30 PM
T0146,0.6,0.6,0.6,10.30 PM,07.00 AM
U0002,1.2,1.2,0.6,08.30 AM,05.00 PM
U0002,0.6,0.6,0.6,05.00 PM,10.00 PM
U0003,0.6,0.6,0.6,07.00 AM,10.30 PM
U0003,0.6,0.6,0.6,10.30 PM,07.00 AM
U0007,0.6,0.6,0,08.30 AM,10.00 PM
U0008,0.6,0.6,0,08.30 AM,10.00 PM
U0012,0.6,0.6,0.6,08.30 AM,10.00 PM
U0013,0.6,0.6,0.6,07.00 AM,10.30 PM
U0013,0.6,0.6,0.6,10.30 PM,07.00 AM
U0014,0.6,0.6,0.6,07.00 AM,10.30 PM
U0014,0.6,0.6,0.6,10.30 PM,07.00 AM
U0016,0.6,0.6,0.6,07.00 AM,10.30 PM
U0016,0.6,0.6,0.6,10.30 PM,07.00 AM
U0017,1.2,1.2,0.6,08.30 AM,05.00 PM
U0017,0.6,0.6,0.6,05.00 PM,10.00 PM
U0021,0.6,0.6,0.6,07.00 AM,10.30 PM
U0021,0.6,0.6,0.6,10.30 PM,07.00 AM
U0023,0.6,0.6,0.6,08.30 AM,10.00 PM
U0029,0.6,0.6,0,08.30 AM,05.00 PM
U0030,0.6,0.6,0.6,07.00 AM,10.30 PM
U0030,0.6,0.6,0.6,10.30 PM,07.00 AM
U0031,0.6,0.6,0.6,08.30 AM,10.00 PM
U0035,0.6,0.6,0,08.30 AM,05.00 PM
U0036,0.6,0.6,0.6,07.00 AM,10.30 PM
U0036,0.6,0.6,0.6,10.30 PM,07.00 AM
U0037,0.6,0.6,0.6,07.00 AM,10.30 PM
U0037,0.6,0.6,0.6,10.30 PM,07.00 AM
U0038,0.6,0.6,0.6,08.30 AM,10.00 PM
U0039,0.6,0.6,0.6,07.00 AM,10.30 PM
U0039,0.6,0.6,0.6,10.30 PM,07.00 AM
U0040,0.6,0.6,0,08.30 AM,05.00 PM
U0042,0.6,0.6,0.6,07.00 AM,10.30 PM
U0042,0.6,0.6,0.6,10.30 PM,07.00 AM
U0043,0.6,0.6,0.6,08.30 AM,10.00 PM
U0044,0.6,0.6,0.6,07.00 AM,10.30 PM
U0044,0.6,0.6,0.6,10.30 PM,07.00 AM
U0045,0.6,0.6,0.6,07.00 AM,10.30 PM
U0045,0.6,0.6,0.6,10.30 PM,07.00 AM
V0001,0.6,0.6,0,08.30 AM,10.00 PM
V0005,0.6,0.6,0,08.30 AM,10.00 PM
V0007,0.6,0.6,0.6,07.00 AM,10.30 PM
V0007,0.6,0.6,0.6,10.30 PM,07.00 AM
W0001,1.2,1.2,0.6,08.30 AM,05.00 PM
W0001,0.6,0.6,0.6,05.00 PM,10.00 PM
W0002,1.2,1.2,0.6,08.30 AM,05.00 PM
W0002,0.6,0.6,0.6,05.00 PM,10.00 PM
W0004,1.2,1.2,0.6,08.30 AM,05.00 PM
W0004,0.6,0.6,0.6,05.00 PM,10.00 PM
W0005,0.6,0.6,0.6,07.00 AM,10.00 PM
W0010,0.6,0.6,0,08.30 AM,05.00 PM
W0013,0.6,0.6,0.6,07.00 AM,10.30 PM
W0013,0.6,0.6,0.6,10.30 PM,07.00 AM
W0021,0.6,0.6,0,08.30 AM,05.00 PM
W0029,0.6,0.6,0.6,07.00 AM,10.30 PM
W0029,0.6,0.6,0.6,10.30 PM,07.00 AM
W0034,0.6,0.6,0,08.30 AM,05.00 PM
W0035,0.6,0.6,0,08.30 AM,05.00 PM
W0036,0.6,0.6,0,08.30 AM,05.00 PM
W0037,0.6,0.6,0,08.30 AM,05.00 PM
W0038,0.6,0.6,0,08.30 AM,05.00 PM
W0045,0.6,0.6,0,07.00 AM,10.30 PM
W0045,0.6,0.6,0,10.30 PM,07.00 AM
W0046,0.6,0.6,0,08.30 AM,05.00 PM
W0047,0.6,0.6,0,08.30 AM,05.00 PM
W0048,0.6,0.6,0,08.30 AM,05.00 PM
W0049,0.6,0.6,0,08.30 AM,05.00 PM
W0051,0.6,0.6,0,08.30 AM,05.00 PM
W0055,0.6,0.6,0.6,07.00 AM,11.00 AM
W0055,0.75,0.75,0.75,11.00 AM,10.30 PM
W0055,0.6,0.6,0.6,10.30 PM,07.00 AM
W0058,0.6,0.6,0.6,07.00 AM,07.00 PM
Y0002,1.2,1.2,0.6,08.30 AM,05.00 PM
Y0002,0.6,0.6,0.6,05.00 PM,10.00 PM
Y0013,0.6,0.6,0.6,07.00 AM,10.00 PM
Y0019,1.2,1.2,0.6,07.00 AM,05.00 PM
Y0019,0.6,0.6,0.6,05.00 PM,10.30 PM
Y0019,0.6,0.6,0.6,10.30 PM,07.00 AM
Z0001,0.6,0.6,0.6,08.30 AM,10.00 PM
Z0003,0.6,0.6,0.6,08.30 AM,10.00 PM
Z0004,0.6,0.6,0.6,08.30 AM,10.00 PM
ACB,1.2,1.2,1.2,07.00 AM,05.00 PM
BBB,1.2,1.2,1.2,07.00 AM,05.00 PM
BRB1,1.2,1.2,1.2,07.00 AM,05.00 PM
CY,1.2,1.2,1.2,07.00 AM,05.00 PM
DUXM,1.2,1.2,1.2,07.00 AM,05.00 PM
HLM,1.2,1.2,1.2,07.00 AM,05.00 PM
KAB,1.2,1.2,1.2,07.00 AM,05.00 PM
KAM,1.2,1.2,1.2,07.00 AM,05.00 PM
KAS,1.2,1.2,1.2,07.00 AM,05.00 PM
PRM,1.2,1.2,1.2,07.00 AM,05.00 PM
SLS,1.2,1.2,1.2,07.00 AM,05.00 PM
SR1,1.2,1.2,1.2,07.00 AM,05.00 PM
TPM,1.2,1.2,1.2,07.00 AM,05.00 PM
UCS,1.2,1.2,1.2,07.00 AM,05.00 PM
WCB,1.2,1.2,1.2,07.00 AM,05.00 PM
ACB,0.6,0.6,0.6,05.00 PM,07.00 AM
BBB,0.6,0.6,0.6,05.00 PM,07.00 AM
BRB1,0.6,0.6,0.6,05.00 PM,07.00 AM
CY,0.6,0.6,0.6,05.00 PM,07.00 AM
DUXM,0.6,0.6,0.6,05.00 PM,07.00 AM
HLM,0.6,0.6,0.6,05.00 PM,07.00 AM
KAB,0.6,0.6,0.6,05.00 PM,07.00 AM
KAM,0.6,0.6,0.6,05.00 PM,07.00 AM
KAS,0.6,0.6,0.6,05.00 PM,07.00 AM
PRM,0.6,0.6,0.6,05.00 PM,07.00 AM
SLS,0.6,0.6,0.6,05.00 PM,07.00 AM
SR1,0.6,0.6,0.6,05.00 PM,07.00 AM
TPM,0.6,0.6,0.6,05.00 PM,07.00 AM
UCS,0.6,0.6,0.6,05.00 PM,07.00 AM
WCB,0.6,0.6,0.6,05.00 PM,07.00 AM
